name,sport,team,success_rate,avg_response,tested_address,comments
Brewer Hicklen Collection,,,,,,6-Card Autograph Rainbow/Run (Bowman Chrome Parallels & Topps Rookie Autos)
Miguel Tejada,,,,,,Topps MLB All-Star Game Greats Autograph (/50)
Austin Wells,,,,,,Topps Rookie Autograph (Yankees)
Luisangel Acuña,,,,,,"Topps ""Top 100"" Insert Autograph"
Matt Shaw,,,,,,Limited Edition Prospect Autograph
Jordan Lawlar,,,,,,Bowman Chrome & Parallels Autographs (x2)
Bryce Miller,,,,,,Topps Chrome Rookie Autograph
Reggie Crawford,,,,,,Bowman Inception Autograph
Jacob Wilson,,,,,,Panini Elite Extra Edition Prime Numbers Autograph
Latrell Sprewell / Endy Rodriguez / Brandon Pfaadt / Colson Montgomery / Cutter Coffey,,,,,,Various Bowman & Topps Certified Autographs
"Schaefer, Jeff",,,,9/15/2026 11 days,"Fort Mill, SC",2026-04-05 00:00:00
"—Sampen, Bill",,,,9/15/2026 11 days,"Brownsburg, IN",2026-05-05 00:00:00
"—Reardon, Jeff",,,,9/15/2026 11 days,"4461 Lacey Oak Dr, Palm Beach Gardens, FL 33410",2026-03-03 00:00:00 | Mark's Signing Bonus
"Anderson, Scott",,,,9/15/2006 12 days,"13061 Amber Pt Lake, USA Oswego, OR 97034-1504",2026-01-01 00:00:00
"—Tanana, Frank",,,,9/15/2026 12 days,"28492 Harwich Dr, Farmington Hills, MI 48334",2026-03-03 00:00:00 | 730.1
"Dyer, Duffy",,,,9/15/2026 12 days,"742 West Las Palmas, Phoenix, AZ 85001","2026-03-03 00:00:00 | 61, 69, 70"
"Hansen, Ron",,,,9/15/2026 12 days,"13602 Allston Dr, Baldwin, MD 21015","2026-02-02 00:00:00 | sharpie, Thanks Mr. P, 67 topps, 8 donned both in"
"Price, Joe",,,,9/15/2026 12 days,"29603 1125 Legacy Ln, Aiken, SC 29803",2026-02-02 00:00:00 | 1567 Astros Rookie - Signed in blue sharpie. Thanks Leet! Badger Z
"Bales, Lee",,,,9/15/2026 12 days,"7422 Greatwood Lake Dr, Sugarland, TX 77479-6302","2026-01-01 00:00:00 | 1981 Topps #50, 1980 Fleer #406 (2)"
"Stigman, Dick",,,,9/15/2006 12 days,"1455 Summit St, Burnsville, MN 55306",2026-01-01 00:00:00 | 737
"McMullen, Ken",,,,9/15/2006 12 days,"10 Estaban, Camarillo, CA 93010",2026-01-01 00:00:00 | DPO
"Glynn, Ed",,,,9/15/2026 13 days,"5212 Stratford Chase Dr, Virginia Beach, VA 23054",2026-03-03 00:00:00 | 1974 Rangers team card - black
"Gonzalez, Juan (1989 Rangers)",,,,9/15/2026 13 days,"694 Ext Canton A-9 Vega Baja, PR 00650",2026-01-01 00:00:00
"—Price, Joe",,,,9/15/2026 13 days,"1125 Legacy Ln, Aiken, SC 29803","2026-02-02 00:00:00 | signed two cards, ad"
"Billings, Dick",,,,9/15/2026 13 days,"1067 El Dorado Dr, Gilroy, CA 95020-3754",9/15/2026 13 days | 9/15/2026 13 days | Harvey 24
"——Lacone, Frank",,,,9/15/2026 12 days,"10710 Quail Run, Harrison, OH 45030",2026-01-01 00:00:00 | 1991 Topps #617 (D blue sharpie)
"Acker, Jim",,,,9/15/2026 13 days,,hom home
"——Stablein, George",,,,9/15/2026 13 days,,hom home
"——Wegman, Bill",,,,9/15/2026 13 days,,hom home
"——Tanana, Frank",,,,9/15/2026 14 days,"28492 Harwich Dr, Farmington Hills, MI 48334",2026-04-03 00:00:00 | 3 cards plus The Goal 100 Yankees - Thanks Mr. Howe
"Howell, Jay",,,,9/15/2026 14 days,"4560 Colony Point, Suwanee, GA 30004-6010",2026-01-01 00:00:00
"—Huff, Mike",,,,9/15/2026 10 days,"1360 Meandering Way, Rockwall, TX 75087 USA","2026-02-02 00:00:00 | 1963 Topps 1508 Score, 1991 Score, he added a"
"Tanana, Frank",,,,9/15/2026 10 days,"127 Pleasant Avenue, Highwood, IL 60040",2026-02-02 00:00:00 | BST
"Browne, Jerry",,,,9/15/2026 11 days,"28452 Harwich Dr, Farmington Hills, MI 48334",2026-01-01 00:00:00
"—Dowling, Dave",,,,9/15/2026 11 days,"2707 Sant Charles Dr, Mansfield, TX 76063",2026-03-03 00:00:00
"—Spikes, Charlie",,,,9/15/2006 11 days,,home | 2026-02-02 00:00:00 | signed two cards io
"Rader, Doug",,,,9/15/2006 11 days,,home | 2026-02-02 00:00:00 | signed two cards m
"Behney, Mel",,,,9/15/2026 11 days,"3332 SE Court Drive, Stuart, FL 34997-6012",2026-03-03 00:00:00 | THE DARS COLLECTION
"Bowa, Larry",,,,9/15/2026 11 days,"2800 Woodshire Dr, Arlington, TX 76016",2026-03-03 00:00:00
"—Merchant, Andy",,,,9/15/2026 11 days,"302 Overbrook Lane, Conshohocken, PA 19428 USA",2026-02-02 00:00:00
"—Gonzalez, Juan (1989 Rangers)",,,,9/15/2026 11 days,"105 Bates Lake Road, Malcolm, AL 36556","2026-01-01 00:00:00 | Signed my card in blue Sharpie, completing 767 previously signed by Ott, Sman and White tigdo"
"Smith, Bryn",,,,9/15/2026 11 days,"694 Ext Canton A-9 Vega Baja, PR 00693",2026-01-01 00:00:00 | 1990 FLEER
"Kiefer, Steve",,,,9/15/2026 11 days,"Santa Maria, CA",2026-05-05 00:00:00
"—Schrom, Ken",,,,9/15/2026 11 days,"38324 Drvot Dr., Beaumont, CA 92223-8093",2026-04-04 00:00:00 | —
"Iglesias, Raisel",,,,9/12/2006 (29 days),"c/o Atlanta Braves, Truist Park, 755 Battery Ave SE, Atlanta, GA 30339",Wait: 9/12/2006 (29 days) | 2/2 Topps
"Patterson, Danny",,,,9/17/2026 (23 days),"13944 E Yucca St, Scottsdale, AZ 85259-4638",Wait: 9/17/2026 (23 days) | 2/2
"Trahan, Blake",,,,9/17/2006 (33 days),"315 UNKEL ROAD, KINDER, LA 70648-5314",Wait: 9/17/2006 (33 days) | 2/2
"Iglesias, Raisel",,,,9/17/2006 (33 days),"Atlanta Braves, Truist Park, 755 Battery Avenue, Atlanta, GA, GA 30339 USA",Wait: 9/17/2006 (33 days) | 2/2
"Iglesias, Raisel",,,,9/17/2006 (33 days),"c/o Atlanta Braves, Truist Park, 756 Battery Ave SE, Atlanta, GA 30339",Wait: 9/17/2006 (33 days) | 2/2
"Roberts, Dave (1972-482)",,,,5/17/2026 (30 days),"1109 North Echo Ct, Benbrook, TX 76126","Wait: 5/17/2026 (30 days) | 1997 Mother's Cookies, 1996 Topps, 1991 Heritage (2) - Andy signed by Reyes, P25 & 25 Topps, TLS & Orange RC. Very nice blue sharpie signature. Thank you Mr. Roberts"
"Spilman, Harry",,,,5/17/2006 (54 days),"4423 Saint Phillips Rd, Mount Vernon, IN 47620",Wait: 5/17/2006 (54 days) | 4/4 SOPC thick sharpie
"White, Roy",,,,9/17/2006 (34 days),"210 Summit Ave, Montvale, NJ 07645",Wait: 9/17/2006 (34 days) | Signed 66T RC signed by Deck wire w/ blue Sharpie
"Cinnella, Doug",,,,9/17/2006 (34 days),"20 Swan Rd, Mahwah, NJ 07430","Wait: 9/17/2006 (34 days) | 2/2, 25, 25 Heritage"
"Iglesias, Raisel",,,,9/17/2006 (35 days),"c/o Atlanta Braves, PO Box 723009, Atlanta, GA 31135-0000","Wait: 9/17/2006 (35 days) | 2/2, 75 Topps Card. Asked for con. Thanks Mr. C"
"Mooney, Rich",,,,9/17/2006 (35 days),"2456 E Peterson Rd, Troy, OH 45373",Wait: 9/17/2006 (35 days) | 1/1
"O'Brien, Pete (1982-1995)",,,,9/17/2006 (37 days),"8017 Mimosa Drive, North Richland Hills, TX 76180",Wait: 9/17/2006 (37 days) | Signed all three. Thanks Antonio
"Alfonseca, Antonio",,,,9/17/2006 (37 days),"3000 SW 50th St, Dania, FL 33029",Wait: 9/17/2006 (37 days) | Thanks Mr. Krueger!
"Krueger, Bill",,,,9/17/2006 (37 days),"30132 SE Redmond Fall City Road, Falls City, WA 98024","Wait: 9/17/2006 (37 days) | 04 Bowman, 04 Topps Total Black Sharpie"
"Vericker, Brad",,,,9/17/2006 (38 days),"c/o Maricopa High School, 45012 West Honeycutt Ave, Maricopa, AZ 85139",Wait: 9/17/2006 (38 days) | 5/5
"Brede, Brent",,,,9/17/2006 (38 days),"307 41 St, Trenton, IL 62250",Wait: 9/17/2006 (38 days) | 6/5
"Lovullo, Torey",,,,9/17/2006 (40 days),c/o Arizona Diamondbacks,Wait: 9/17/2006 (40 days) | Signed 2 cards
"Iglesias, Raisel",,,,9/17/2006 (41 days),"c/o Atlanta Braves, Truist Park, 756 Battery Ave SE, Atlanta, GA","Wait: 9/17/2006 (41 days) | 2021, 2025 Topps"
"Cowley, Joe",,,,9/17/2006 (43 days),"243 W. Vista St, Lexington, KY 40503-1326","Wait: 9/17/2006 (43 days) | 1986 Topps #657, 1987 Topps 27. Thank you, Mr. Cowley"
"Becker, Richard / Candace",,,,5/15/2006 (6 days),"203 Hidden Lane, West Payer, NC 28313-2330",Wait: 5/15/2006 (6 days) | 1901 Topps #111
"Shersey, Bob",,,,5/15/2006 (7 days),"126 Tree Bark Dr, Dunn, NC 28334-7788",Wait: 5/15/2006 (7 days) | 1/1
"Law, Vance",,,,5/15/2006 (7 days),"1547 W 1970 N, Provo, UT 84604",Wait: 5/15/2006 (7 days) | 2/2
"Bass, Randy",,,,5/15/2006 (7 days),"1718 N 1050 W, Orem, UT 84057",Wait: 5/15/2006 (7 days) | 3/3
"Simpson, Allan",,,,5/15/2006 (7 days),"2506 NW Lake Forest Dr, Lawton, OK 73505",Wait: 5/15/2006 (7 days) | 2/2
"Laskey, Bill",,,,5/15/2006 (7 days),"54311 22 Woodmer, Appleton, WA 54911",Wait: 5/15/2006 (7 days) | 2/2
"Stein, Bill",,,,5/15/2006 (7 days),"PO Box 1556, Bangor, CA 95914-1556","Wait: 5/15/2006 (7 days) | 4/4 (1981, 1982, 1984, 1985)"
"August, Don",,,,5/15/2006 (7 days),"14305 Lane River, San Antonio, TX 78245",Wait: 5/15/2006 (7 days) | 2/2
"Bailey, Robert",,,,9/15/2026 (7 days),"NTMW15036 STONEWOOD DRIVE, MENOMONEE FALLS, WI 53051-0708",Wait: 9/15/2026 (7 days) | Signed 1983 Topps & Fleer 1982 Topps both signed back/sent back
"Ruskin, Scott",,,,9/15/2026 (8 days),"4123 214th St, Long Beach, CA 90810",Wait: 9/15/2026 (8 days) | 2/2
"Lamp, Dennis",,,,9/15/2026 (9 days),"200 Winding Trail, Ponte Vedra, FL 32081",Wait: 9/15/2026 (9 days) | 2/2
"Wegman, Bill",,,,9/15/2026 (10 days),"2 Enterprise, Ste 117, Aliso Viejo, CA 92656",Wait: 9/15/2026 (10 days) | 91 Fleer Score both signed st exte he send back signed
"Rurtcom, Scott",,,,9/15/2006 (10 days),"10710 Quail Run, Haslet, TX 45000",Wait: 9/15/2006 (10 days)
"Garvey, Steve",,,,9/16/2006 (10 days),"1711 Del Norte Dr, Cedar Park, TX 78613 USA",Wait: 9/16/2006 (10 days) | 71 Topps
"Mirabella, Paul",,,,9/15/2006 (10 days),"74923 HWY 111, Indian Wells, CA 92210",Wait: 9/15/2006 (10 days) | 1/1
"Lazorko, Jack",,,,9/15/2006 (10 days),"125 Jenks Rd, Morristown, NJ 07960",Wait: 9/15/2006 (10 days) | 2/2
"Huff, Mike",,,,9/15/2006 (10 days),"1360 Meandering Way, Rockwall, TX 75067 USA","Wait: 9/15/2006 (10 days) | 1989 Score, 1001 Score, headed a 1983 Topps"
"Tanana, Frank",,,,9/15/2006 (11 days),"127 Pleasant Avenue, Highwood, IL 60040",Wait: 9/15/2006 (11 days) | 2/2
"Browne, Jerry",,,,9/15/2006 (11 days),"28432 Harwich Dr, Farmington Hills, MI 48334",Wait: 9/15/2006 (11 days) | signed five cards sd
"Dowling, Dave",,,,9/15/2006 (11 days),"2707 Saint Charles Dr, Mansfield, TX 76063",Wait: 9/15/2006 (11 days) | home
"Hidalgo, Richard",,,,9/17/2006 (63 days),"8433 Saint Marino Blvd, Orlando, FL 32806",Wait: 9/17/2006 (63 days) | 2/2
"Huder, Rex",,,,9/12/2005 (306 days),"Kate Bond, TN 38018",Wait: 9/12/2005 (306 days) | signed 1990 grand sand
"Jones, Tim (1908-50 Cards)",,,,9/17/2005 (359 days),"Kansas City Royals, Kaufman Stadium, One Way, Kansas City, MO",Wait: 9/17/2005 (359 days) | vape Thank need 1991 Fleer Signed can w
"Mendoza, Jessica",,,,9/11/2006 (389 days),"7581935, Lakeside, MT 59922",Wait: 9/11/2006 (389 days) | 1990 1991 Fleer with Black Sharpie. Thank Yo
"Jennings, Doug",,,,5/17/2006 (722 days),HOME,Wait: 5/17/2006 (722 days) | 1/1
"Manwaring, Kat",,,,9/17/2006 (1336 days),"1560 S 14th St, Boca Raton, FL 33486",Wait: 9/17/2006 (1336 days)
"Manwaring, Kat",,,,9/17/2006 (2094 days),"350 Beach Rd Apt 306, Jupiter, FL 33469","Wait: 9/17/2006 (2094 days) | 6/5 sharpie grata ma shocking rem 880, 80, 899, 9600 edible"
"Manwaring, Kat",,,,9/17/2026 (2214 days),"350 Beach Rd Apt 306, Jupiter, FL 33469",Wait: 9/17/2026 (2214 days) | 3/3
"Rogers, Josh",,,,9/17/2006 (2271 days),"4021 Doe Creek Dr, Floyds Knobs, IN 47119",Wait: 9/17/2006 (2271 days) | 1/1 - 19 10PPS CHROME S&SOS
"Manwaring, Kat",,,,5/17/2006 (3014 days),"350 Beach Rd, Apt 306, Jupiter, FL 33469 USA",Wait: 5/17/2006 (3014 days) | 6/5 Blue Sharpie
"Bannister, Floyd",,,,9/16/2006 (7 days),"6701 Cabello Dr, Paradise Valley, AZ 85253-2706",Wait: 9/16/2006 (7 days) | 2/2 Sent 1984 Topps & 1989 UD Thanks Mr Bannister
"Stavisky, Brian",,,,9/16/2006 (8 days),"133 N 17th St, Olean, NY 14760","Wait: 9/16/2006 (8 days) | 3/3 0505 057, an signed nicely in blue"
"Sheridan, Pat",,,,9/16/2006 (8 days),"29058 Chestnut, Farmington Hills, MI 48034","Wait: 9/16/2006 (8 days) | 3/2 '87 Topps, '88 Score both signed question answered"
"Kurkjian, Tim",,,,9/16/2026 (8 days),"Sarasota, FL 34243-3890","Wait: 9/16/2026 (8 days) | 6/7 received, thank you. Kurkjan pen"
"James, Dion",,,,9/16/2026 (8 days),"Severance, MI 49327-0600",Wait: 9/16/2026 (8 days) | 3/3 Asked for a HDF implion and send a black baseball and gold dec pant in blue sharpie
"Kearney, Bob",,,,9/16/2006 (8 days),"12830 Talley Ln, Gaithersburg, MD 20878-6109",Wait: 9/16/2006 (8 days) | Kept 1 as offered
"Blass, Steve",,,,9/16/2006 (8 days),"100 Adams Ave Apt 126, Pittsburgh, PA 15243-1078",Wait: 9/16/2006 (8 days) | 1/1 of reaccion 71 WS gm?
"Richardson, Bobby",,,,9/16/2006 (8 days),"2906 Santa Maria Dr, Gilbert, AZ 8525",Wait: 9/16/2006 (8 days) | 1/1 SP Legendary Bat Card signed in blue
"Lyle, Sparky",,,,9/16/2006 (9 days),"47 Adams Street, 90, 25150",Wait: 9/16/2006 (9 days) | 1978 WS mg 8x10
"Wright, Jaret",,,,9/17/2006 (49 days),"3816 Vista Azul, San Clemente, CA 92672",Wait: 9/17/2006 (49 days) | 4/4
"Nikowski, C",,,,9/17/2006 (49 days),"c/o Atlanta Braves, Truist Park, 755 Battery Ave, Atlanta, GA 30339",Wait: 9/17/2006 (49 days) | 3/3
"Gonzalez, Juan (1989 Rangers)",,,,9/17/2006 (52 days),"694 Ext Cantora A-9, Vega Baja, PR 00650",Wait: 9/17/2006 (52 days) | 1/1
"Colbert, Craig",,,,9/17/2006 (52 days),"2042 SE Ladd Ave, Portland, OR 97214",Wait: 9/17/2006 (52 days) | 4/4
"Marson, Lou",,,,9/17/2006 (54 days),"6631 E. Wilshire, Scottsdale, AZ 85257",Wait: 9/17/2006 (54 days) | 1/1
"Bumbry, Al",,,,9/17/2006 (63 days),"28 Tremblant Ct, Lutherville, MD 21093-3748","Wait: 9/17/2006 (63 days) | 2/2 1972 Donruss 150, 1983 Fleer 54"
"Hidalgo, Richard",,,,9/17/2006 (63 days),"8433 Saint Marino Blvd, Orlando, FL 32806","Wait: 9/17/2006 (63 days) | 2/2 willack Sharpie. Signed 5FT RC signed by Morgan, 5FT"
"Cowley, Joe",,,,9/17/2006 (64 days),"243 W Vista St, Lexington, KY 40503-1326",Wait: 9/17/2006 (64 days) | 1/1
"Scarsone, Steve",,,,9/17/2006 (65 days),"10017 South Bend Dr, Scottsdale, AZ 85255",Wait: 9/17/2006 (65 days) | 1/1
"Wright, Jaret",,,,9/17/2006 (68 days),"3816 Vista Azul, San Clemente, CA 92672",Wait: 9/17/2006 (68 days) | He signed my 97 Upper Deck in Blue Sharpie. Thank you Mr Wright
"Wright, Jaret",,,,9/17/2006 (69 days),"3816 Vista Azul, San Clemente, CA 92672",Wait: 9/17/2006 (69 days) | 2/2
"Wright, Jaret",,,,9/17/2006 (70 days),"3816 Vista Azul, San Clemente, CA 92672",Wait: 9/17/2006 (70 days) | 1/1
"Renko, Steve",,,,9/17/2006 (71 days),"3408 W. 129th, Leawood, KS 66209",Wait: 9/17/2006 (71 days) | 3/3
"Wright, Jaret",,,,9/17/2006 (72 days),"3816 Vista Azul, San Clemente, CA 92672","Wait: 9/17/2006 (72 days) | 2/2 00 T, 05 TCJ. Signed both nicely in blue"
"Fahey, Bill",,,,9/17/2006 (78 days),"5740 Mona Ln, Dallas, TX 75206",Wait: 9/17/2006 (78 days)
"Fitzgerald, Ryan",,,,9/17/2006 (78 days),c/o OKC Comets,"Wait: 9/17/2006 (78 days) | 2/2 2017 Gary, 2025 Topps"
"Wisdom, Patrick",,,,9/17/2006 (79 days),"c/o Seattle Mariners / T-Mobile Park, 1250 1st Ave South, Seattle, WA 98134",Wait: 9/17/2006 (79 days) | 3/3 Personalized & signed in black
"Sanders, Earl",,,,9/17/2006 (84 days),c/o Tougaloo College,Wait: 9/17/2006 (84 days) | 1/1 signed a 1987 procards (dunedin) card
"Wright, Jaret",,,,9/17/2006 (85 days),"3816 Vista Azul, San Clemente, CA 92672",Wait: 9/17/2006 (85 days) | 2/2
"Wihtol, Sandy",,,,9/17/2006 (97 days),"496 First Street #200, Los Altos, CA 94022","Wait: 9/17/2006 (97 days) | 2/2 BOT, BIT, SASE"
"Cowley, Joe",,,,9/17/2006 (90 days),"243 W Vista St, Lexington, KY 40503-1326","Wait: 9/17/2006 (90 days) | 3/3 86T, 2 85T AN passed on answering questions"
"Mauch, Tom",,,,9/16/2026 (35 days),"107 Fernpine Ln, Pomona, CA 91767",Wait: 9/16/2026 (35 days) | 1/1 WBE
"Mays, Jeff",,,,9/16/2026 (35 days),"1264 NW 96 Ter, Pembroke Pines, FL 33024",Wait: 9/16/2026 (35 days) | 1/1 WBE
"Lomastro, Jerry",,,,9/16/2026 (36 days),"3001 Southwest Blvd, Sedalia, MO 65301",Wait: 9/16/2026 (36 days) | 1/1 WBE
"Posey, Tom",,,,9/16/2026 (36 days),"6716 Pasadena Point Blvd, Gulfport, FL 33707",Wait: 9/16/2026 (36 days) | 1/1 WBE
"Rivero, Marty",,,,9/16/2026 (36 days),"22906 Red Pine, Santa Clarita, CA 91390",Wait: 9/16/2026 (36 days) | 2/2 WBE
"O'Brien, Pete (1982-1995)",,,,9/16/2006 (37 days),"8017 Mimosa Drive, North Richland Hills, TX 76180",Wait: 9/16/2006 (37 days) | 2/2
"Wihtol, Sandy",,,,9/16/2006 (37 days),"496 First Street #200, Los Altos, CA 94022",Wait: 9/16/2006 (37 days) | 2/2 Returned 6/11 Indian unsigned
"Luzinski, Greg",,,,9/16/2006 (39 days),"25050 Steamboat Court, Bonita Springs, FL 34135-7829",Wait: 9/16/2006 (39 days)
"Browne, Jerry",,,,9/16/2006 (41 days),"2707 Saint Charles Dr, Mansfield, TX 79063","Wait: 9/16/2006 (41 days) | '87 Traded, '80 Topps, Fleer cm Checklist & Cons"
"Swartz, Nick",,,,9/16/2006 (42 days),"17146 W Las Palmas, Waddell, AZ 85355",Wait: 9/16/2006 (42 days) | 5/5
"Thoma, Ray",,,,9/16/2006 (42 days),"2744 Waterford, The Colony, TX 75056",Wait: 9/16/2006 (42 days) | 5/5 WBE
"Fiepke, Scott",,,,9/16/2006 (44 days),"801 Lakeside Dr, Elizabethtown, KY 42701",Wait: 9/16/2006 (44 days) | 1/1
"Tamargo, John (1976-1980)",,,,9/16/2006 (44 days),"19018 Fan Meadow Loop, Lutz, FL 33558",Wait: 9/16/2006 (44 days) | 1/1 Signed my 8x10
"Pederson, Joc",,,,9/16/2006 (44 days),"c/o Texas Rangers, 734 Stadium Drive, Arlington, TX 76011",Wait: 9/16/2006 (44 days) | 1/1 Sharpie 2005 Topps Update signed in thin blue
"Farquhar, Danny",,,,9/16/2006 (48 days),"c/o Seattle Mariners, 1250 1st Ave S",Wait: 9/16/2006 (48 days)
"Wilson, Trevor",,,,9/16/2006 (50 days),home,Wait: 9/16/2006 (50 days) | 2/2 signed two cards s
"Schefsky, Steve",,,,9/16/2006 (50 days),"24 Vista La, Burlingame, CA 94010",Wait: 9/16/2006 (50 days) | 1/1 WBE
"Jaster, Larry",,,,9/17/2006 (15 days),"1150 Sand Drive, Apt A, West Palm Beach, FL 33415-8130","Wait: 9/17/2006 (15 days) | 2/2 Signed five 1970 topps cards with '81 Topps cards as requested, and answered 1 question. Thank you very much, Mr. Jaster"
"August, Don",,,,9/17/2006 (15 days),"7415016 Newod, Menomonee Falls, WI 53051",Wait: 9/17/2006 (15 days) | 1/1 Signed w/ 1983 Topps
"Kemp, Otto",,,,9/17/2006 (15 days),"N74W15036 Stonewood Dr, Menomonee Falls, WI 53051",Wait: 9/17/2006 (15 days) | 1/1
"Roenicke, Gary",,,,9/17/2006 (15 days),"1017 W Service Ave, West Covina, CA 91790",Wait: 9/17/2006 (15 days) | 1/1
"Medich, George ""Doc""",,,,9/17/2006 (15 days),"2001 Woodfield Dr, Grand Prairie, TX 75050-2150","Wait: 9/17/2006 (15 days) | 4/4 1983 Topps, 1981 Fleer, 1982 Leaders, 1982 Fleer"
"Buechele, Steve",,,,9/17/2006 (15 days),"1810 Prince Johns Dr, Grand Prairie, TX 75050-2150",Wait: 9/17/2006 (15 days) | 2/2
"Keough, Marty",,,,9/17/2006 (15 days),"6874 E Nightingale St, Scottsdale, AZ 85262 USA",Wait: 9/17/2006 (15 days) | 1/1 1964 Topps - Signed Deck Badger
"Cline, Ty",,,,9/17/2006 (15 days),"37 Wappen Cres, P. Charlottesch, SC 29412",Wait: 9/17/2006 (15 days) | 1/1 1965 Topps - Blue Sharpie and question Chicken & 19551
"Fielder, Cecil",,,,9/17/2006 (15 days),"10201 Rubery Pt, Tampa, FL 33626",Wait: 9/17/2006 (15 days) | 2/2 Team USA 210 soda topps cards in black sharpie
"Rodriguez, Sarve",,,,9/17/2006 (16 days),"4370 Caldwell Pam Cr, Round Rock, TX 78681",Wait: 9/17/2006 (16 days) | 2/2 City Series cards. Signed at 4 in blue sharpie
"Beane, Billy",,,,9/17/2006 (16 days),"33 Begnnwood Lane, Danville, CA 94506-1325",Wait: 9/17/2006 (16 days) | 4/4 Pirates Future Stars wilong and Ray sigs
"Law, Vance",,,,9/17/2006 (16 days),"1547 W 1970 N, Provo, UT 84604",Wait: 9/17/2006 (16 days) | Provided an additional signed card
"Mek, Mark",,,,9/17/2006 (16 days),"2504 London Rd, Richmond, MA 23233",Wait: 9/17/2006 (16 days) | 1/1
"Whill, Ernie",,,,5/17/2006 (17 days),"57338 Brookwood, Washington, MI 43054",Wait: 5/17/2006 (17 days) | 1/1
"Lagrow, Lermin",,,,5/1/2005 (17 days),"12271 Targas, Scottsdale, AZ 85259",Wait: 5/1/2005 (17 days) | 2/2
"Luzinski, Greg",,,,9/17/2026 (17 days),"25050 Steamboat Court, Bonita Springs, FL 34135-7829",Wait: 9/17/2026 (17 days) | 1/1
"Bonchek, Kt",,,,9/17/2006 (17 days),"3878 Old Hickory Ave NW, Canton, OH 44718",Wait: 9/17/2006 (17 days) | 1/1 signed noteca indaro signed
Bob,,,,9/17/2006 (17 days),"2112 HD, CA 5572",Wait: 9/17/2006 (17 days)
"Kobemus, Jeff",,,,9/17/2006 (17 days),Dorado,Wait: 9/17/2006 (17 days) | Signed a 2012. Thanks
"Whitt, Ernie",,,,9/17/2006 (13 days),"57338 Brookwood, Washington, MI 43054",Wait: 9/17/2006 (13 days) | 1/1
"Leon, Eddie",,,,9/17/2006 (13 days),"5000 N Circulo Sobrio, Tucson, AZ 85718",Wait: 9/17/2006 (13 days) | 1/1 T3T
"Iglesias, Raiset",,,,9/12/2026 (14 days),"Atlanta Braves, Atlanta, GA 30339 USA",Wait: 9/12/2026 (14 days) | 1/1 2006 Topps
"Campaneris, Bert",,,,9/17/2006 (14 days),"9797 N. 105th Place, Scottsdale, AZ 85258-6071",Wait: 9/17/2006 (14 days) | 2/2
"Fielder, Cecil",,,,9/17/2006 (14 days),"10201 Rubery Pt, Tampa, FL 33626",Wait: 9/17/2006 (14 days) | 2/2
"Asadoorian, Rick",,,,9/17/2006 (14 days),"8824 Tatara St, Orlando, FL 32836",Wait: 9/17/2006 (14 days) | 1/1
"Mason, Mike",,,,9/17/2006 (14 days),"723 Wildflower Ln, Chanhassen, MN 55317-3523","Wait: 9/17/2006 (14 days) | 2/2 '85 Topps, '88 Topps"
"Jones, Dan",,,,9/17/2006 (14 days),"12800 Royal George Ave, Odessa, FL 33556",Wait: 9/17/2006 (14 days) | 2/2
"Golden, Jim",,,,9/17/2006 (14 days),"8630 SW 10th, Topeka, KS 66606",Wait: 9/17/2006 (14 days) | 1/1
"Tanana, Frank",,,,9/17/2006 (14 days),"28432 Harwich Dr, Farmington Hills, MI 48334",Wait: 9/17/2006 (14 days) | 2/2
"Tanana, Frank",,,,9/17/2006 (14 days),"28432 Harwich Dr, Farmington Hills, MI 48334",Wait: 9/17/2006 (14 days) | 2/1
"Bass, Kevin",,,,9/17/2006 (15 days),"3630 Maranatha Dr, Sugarland, TX 77479",Wait: 9/17/2006 (15 days) | '85 Topps with requested inscription
"Bass, Kevin",,,,9/17/2006 (15 days),"3630 Maranatha Dr, Sugarland, TX 77479",Wait: 9/17/2006 (15 days) | 1/1 '85 Topps with requested inscription
"Chiffer, Floyd",,,,9/17/2006 (15 days),"4356 Beechwood Ave, Seal Beach, CA 90740-2809",Wait: 9/17/2006 (15 days) | 1/1 1963 Fleer #354
"Bando, Chris",,,,9/17/2006 (15 days),"517 Cold River Run, Kyle, TX 78640",Wait: 9/17/2006 (15 days) | 2/1 1963 Fleer #400 and he included a signed testimonial card
"Rancy, Foot",,,,9/16/2006 (20 days),"13500 Tao Way #216, Marina Del Rey, CA 90292",Wait: 9/16/2006 (20 days) | 2/2
"Burlingame, Dennis",,,,9/10/2006 (20 days),"68304 407 Peterson Rd, Cape May, NJ 08204",Wait: 9/10/2006 (20 days) | 1/1
"Myers, Greg",,,,9/10/2006 (20 days),"4119 Seville Way, CA 90004","Wait: 9/10/2006 (20 days) | 2/2 signed 12, 577 wise shape"
"Noel, R.A.",,,,9/16/2006 (22 days),"3606 W. Hayes, DR 51308",Wait: 9/16/2006 (22 days) | 3/3
"Harvey, Bryan",,,,9/16/2006 (22 days),"7866 Review Dr, Stokes Ford, NC 28673",Wait: 9/16/2006 (22 days) | 4/4 Very nice blue sharpie
"Pinela, Lou",,,,9/16/2006 (22 days),"705 Borocales de Orta, Tampa, FL 33613-1099",Wait: 9/16/2006 (22 days) | 2/2
"Green, Gary",,,,9/16/2006 (23 days),"1062 Blackridge Rd, Pittsburgh, PA 15217",Wait: 9/16/2006 (23 days) | 1/1 con
"Koosman, Jerry",,,,9/16/2006 (23 days),"2480 State Rd, S83, Weatherford, TX 76087 USA","Wait: 9/16/2006 (23 days) | 1/1 614, 857, 877. Thank you M"
"Schrom, Ken",,,,9/16/2006 (23 days),540020,Wait: 9/16/2006 (23 days)
"Bailey, Troy",,,,9/16/2006 (26 days),"3160 Anton Cir, 22026",Wait: 9/16/2006 (26 days) | 1/1 WBE
"Boddie, Rodney",,,,9/16/2006 (26 days),"12775 Misty Creek Ln, Fairfax, VA 22033",Wait: 9/16/2006 (26 days) | 1/1 WBE
"Broome, Kim",,,,9/16/2006 (26 days),"6289 Woodlore Dr NW, Acworth, GA 30101",Wait: 9/16/2006 (26 days) | 1/1
"Burlingame, Greg",,,,9/16/2006 (26 days),"825 Franklinville Rd, Mullica Hill, NJ 08062",Wait: 9/16/2006 (26 days) | 2/2
"Riccer, Frank",,,,9/15/2006 (26 days),"4156 Ridgecrest Dr, Syracuse, NY 13212-1826",Wait: 9/15/2006 (26 days) | 2/1
"Murphy, Pat",,,,9/16/2006 (27 days),"8854 Hightall Dr, Santee, CA 92071",Wait: 9/16/2006 (27 days) | 1/1 885 Browns
"Hemmerly, John",,,,9/16/2006 (28 days),5431 W Milwaukee Browns,Wait: 9/16/2006 (28 days)
"Ortman, Doug",,,,9/16/2006 (28 days),"568 Preston Pl, Castle Rock, CO 80108",Wait: 9/16/2006 (28 days) | 1/1 Included his own custom card
"Pike, Mark",,,,9/16/2006 (28 days),"522 Hickory Hammock Rd, Lake Wales, FL 33859",Wait: 9/16/2006 (28 days) | 1/1 Included a card of his son Tyler Pike
"Platel, Mark",,,,9/16/2006 (28 days),"312 Kenwood Ave, Delmar, NY 12054",Wait: 9/16/2006 (28 days) | 2/2 Included a signed card of son tory
"Pechek, Wayne",,,,9/16/2006 (29 days),"206 La Vista Rd, Pueblo, CO 81006",Wait: 9/16/2006 (29 days) | 1/1
"Pellant, Gary",,,,9/16/2006 (29 days),"5438 W Milky Way, Chandler, AZ 85226",Wait: 9/16/2006 (29 days)
"Penniall, Dave",,,,9/16/2006 (29 days),"857 Valley Crest Street, La Canada Flintridge, CA 91011-00",Wait: 9/16/2006 (29 days)
"Wright, Jaret",,,,9/17/2006 (71 days),"3408 W. 129th, Leawood, KS 66209","Wait: 9/17/2006 (71 days) | 3/3 00 T, 05 TCJ. Signed both nicely in blue"
"Wright, Jaret",,,,9/17/2006 (72 days),"3816 Vista Azul, San Clemente, CA 92672",Wait: 9/17/2006 (72 days) | 2/2
"Fahey, Bill",,,,9/17/2006 (78 days),"5740 Mona Ln, Dallas, TX 75236",Wait: 9/17/2006 (78 days)
"Cowley, Joe",,,,9/17/2006 (98 days),"243 W. Vista St, Lexington, KY 40503-1326","Wait: 9/17/2006 (98 days) | 3/3 86T, 2 85T AN passed on answering questions"
"Cowley, Joe",,,,9/17/2006 (101 days),"243 W. Vista St, Lexington, KY 40503-1326",Wait: 9/17/2006 (101 days) | 2/2
"Ace, Blue Jays Mascot",,,,9/17/2006 (104 days),Toronto Blue Jays,Wait: 9/17/2006 (104 days) | 5/1
"Cowley, Joe",,,,9/17/2006 (133 days),"243 W. Vista St., Lexington, KY 40503-1326",Wait: 9/17/2006 (133 days) | 1/1 1 card returned signed in black sharpie. Also included (4) 5x7s all signed in black sharpie
"Hudler, Rex",,,,9/17/2006 (136 days),c/o Kansas City Royals,Wait: 9/17/2006 (136 days) | 2/2 1986 White Sox SGA card
"Hidalgo, Richard",,,,9/17/2006 (148 days),"8433 Saint Marino Blvd, Orlando, FL 32836","Wait: 9/17/2006 (148 days) | 2/2 2, 1988 donruss, 1992 fleer, 1, 1988 Topps, 1, 89 donruss"
"Bell, Jay",,,,9/17/2006 (201 days),"PO Box 50249, Phoenix, AZ 85076",Wait: 9/17/2006 (201 days) | 6/6
"Wallace, Don",,,,9/15/2026 (14 days),home,Wait: 9/15/2026 (14 days) | 2/2 signed two cards
"Hollandsworth, Todd",,,,9/15/2026 (14 days),"10506 Hampshen Rd, Willowbrook, IL 60527",Wait: 9/15/2026 (14 days) | 1/1
"Robertson, Bob",,,,9/15/2026 (14 days),"10015 Shinnamond Dr, Cumberland, MD 21502-6149","Wait: 9/15/2026 (14 days) | 1/1 Sent 70 & 76, received and no signature card. Nice signature sharp"
"Perforzzo, Sam",,,,9/15/2026 (15 days),"18101 Emerald Bay St, Lot 381, Surprise, AZ 85378-9733",Wait: 9/15/2026 (15 days) | 2/2 1973 Topps RC
"Fox, Eric",,,,9/15/2026 (15 days),"11596 W Sara Dawn Blvd, Fort Lauderdale, FL 33316 USA",Wait: 9/15/2026 (15 days) | 1/1 61 Fleer EN
"Soderholm, Eric",,,,9/15/2026 (15 days),"1580 S Ocean Lane Apt, SW Cumberland, MD",Wait: 9/15/2026 (15 days)
"Fowlkes, Alan",,,,9/15/2026 (15 days),"6327 Brenton Pointe Cove, Orlando, FL 32829",Wait: 9/15/2026 (15 days) | 1/1 81 Fleer EN
"Kunkel, Jeff",,,,9/15/2006 (15 days),"405 Emerald Lake Drive, Granbury, TX 76049",Wait: 9/15/2006 (15 days) | 3/1 Signed a 1990 Oklahoma City Testimonial card. Thanks M
"Kosco, Bryn",,,,9/15/2006 (15 days),"2500 Olde Winter Trl, Lumberton, NC 28358","Wait: 9/15/2006 (15 days) | 2/1 Signed a 1969 Rockford. Thanks M. Kosco, w55555"
"Trillo, Manny",,,,9/15/2006 (15 days),"1301 Pillar Chase, Paducah, KY 42001","Wait: 9/15/2006 (15 days) | 2/2 1970 Topps sent two and told to keep one, answered question. Thanks Phil Badger Z"
"Root, Phil",,,,9/15/2006 (15 days),"Youngstown, OH 4514",Wait: 9/15/2006 (15 days) | 1/2 Badger Z - old keep one - signed be sharp
"Caridad, Ron",,,,9/15/2006 (17 days),"8450 W 140th St, Palmetto Bay, FL 33158",Wait: 9/15/2006 (17 days) | 1/2 51PC 12PC black ballpoint
